parameter,estimate,se_design,se_model,kind,deff,lo,hi
f1=~rights_protected,1.4403011663624805,0.08400458475336375,0.05741740781146621,loading,2.1405176597328874,1.2731583929710364,1.6074439397539246
f1=~system_pride,1.474753185875824,0.0843586932992673,0.058932439167113354,loading,2.0490419736557324,1.3069058475535764,1.6426005241980717
f1=~system_support,1.318044882228104,0.07635828016916024,0.05548566633016029,loading,1.893872180072067,1.1661158564928353,1.4699739079633725
f2=~legislature,1.3404642867173275,0.06709654737604798,0.049310207523435796,loading,1.8515126579776884,1.2069632040520268,1.4739653693826282
f2=~police,1.1717080807183802,0.045499436256033685,0.04254509789699564,loading,1.1437022535009669,1.0811784746747508,1.2622376867620095
f2=~political_parties,1.465363653544396,0.07412486225033113,0.054904911376399544,loading,1.8226589347644733,1.317878428896785,1.6128488781920067
f2=~supreme_court,1.485249488753331,0.07235049337283637,0.054781520341904914,loading,1.7442745011031882,1.341294701594039,1.6292042759126228
f2=~media,1.2621619586033572,0.06124355503444364,0.04848962111692533,loading,1.595229614827022,1.1403064947514445,1.38401742245527
f2=~elections,1.3549244470777497,0.06598007271674107,0.05158261850895825,loading,1.6361337768482522,1.223644798772558,1.4862040953829414
respect_institutions|t1,-1.4534569787066396,0.05274230117773982,0.048632761847772404,threshold,1.1761434145120766,-1.5583976140276334,-1.3485163433856457
respect_institutions|t2,-1.0376303719386455,0.04082529259251745,0.03967084847420876,threshold,1.0590479735930556,-1.1188598982611038,-0.9564008456161871
respect_institutions|t3,-0.6490055738561153,0.03663107670627483,0.03504671018018573,threshold,1.0924582632883129,-0.7218899261920911,-0.5761212215201396
respect_institutions|t4,-0.19505195829041844,0.03902014980954555,0.03269744281650194,threshold,1.4241321376068965,-0.2726898167057107,-0.11741409987512619
respect_institutions|t5,0.42660246562210036,0.0346731948536146,0.033606311541078474,threshold,1.0645008736156216,0.3576136840313071,0.4955912472128936
respect_institutions|t6,0.9335626037217045,0.04099345139687622,0.03831259058850765,threshold,1.1448429975098986,0.8519984941260447,1.0151267133173645
rights_protected|t1,-0.9584082103115125,0.03678868418643957,0.038539300286507865,threshold,0.9112149967835662,-1.0316061520952464,-0.8852102685277784
rights_protected|t2,-0.44362371686381674,0.029228116614459704,0.03366484395098183,threshold,0.7537866671717336,-0.5017785007520107,-0.3854689329756228
rights_protected|t3,0.10731242312773884,0.03515378663174236,0.032556599696601365,threshold,1.1659130022017703,0.03736741464883897,0.1772574316066387
rights_protected|t4,0.6758548395226108,0.03700485682681929,0.035354747525250606,threshold,1.0955242013844997,0.6022267819928077,0.749482897052414
rights_protected|t5,1.2923598825117724,0.044781896771284774,0.044641646461372066,threshold,1.0062932545143721,1.2032579549674882,1.3814618100560565
rights_protected|t6,1.8454367297457248,0.07009189818409928,0.06299583055068761,threshold,1.237975444869761,1.7059758385436887,1.984897620947761
system_pride|t1,-0.8468323207624894,0.03902380025093494,0.03702246434905114,threshold,1.1110368736692462,-0.9244774424110886,-0.7691871991138901
system_pride|t2,-0.4247217790833803,0.032756270444708406,0.0335390869880574,threshold,0.9538639255011617,-0.4898964823946722,-0.35954707577208844
system_pride|t3,-0.0026705728050439178,0.030316861129453563,0.03248373500638224,threshold,0.8710368946076237,-0.06299161676445986,0.057650471154372024
system_pride|t4,0.483797281600747,0.03388870162863129,0.033938064228611425,threshold,0.9970931340735465,0.41636939545054763,0.5512251677509463
system_pride|t5,1.0366372234463532,0.04179687836836254,0.03979100533614673,threshold,1.1033616143992742,0.9534745461936306,1.1197999006990758
system_pride|t6,1.5238892304497818,0.05262472780686169,0.050781771762967186,threshold,1.0739004555565645,1.419182529256827,1.6285959316427365
system_support|t1,-1.1572832357837957,0.04880165332582472,0.041720600538614504,threshold,1.3682579136006556,-1.2543832179682741,-1.0601832535993172
system_support|t2,-0.7071875364673571,0.0370622117842638,0.03554088037562348,threshold,1.0874425041708795,-0.78092971237157,-0.6334453605631442
system_support|t3,-0.3304568154788114,0.03301296906579611,0.03312704320266726,threshold,0.993124787683232,-0.3961422685257317,-0.2647713624318911
system_support|t4,0.1451375084427028,0.02884741833941278,0.03261342364779818,threshold,0.7823860913807957,0.08774019470573335,0.20253482217967222
system_support|t5,0.6680884049205239,0.032880851269865195,0.03530839657962935,threshold,0.8672216544349189,0.6026658248452526,0.7335109849957953
system_support|t6,1.1559063747640759,0.03929519286790624,0.04184657795215318,threshold,0.8817773756142272,1.0777212669372016,1.2340914825909501
armed_forces|t1,-1.4908516502697025,0.047371039717434164,0.049602316856450675,threshold,0.912056849562334,-1.585105160123415,-1.39659814041599
armed_forces|t2,-1.18578974723139,0.04446634605745843,0.042322034814803754,threshold,1.1039001868567127,-1.274263827836017,-1.0973156666267632
armed_forces|t3,-0.7947821979063674,0.034414516316517714,0.036491796504972654,threshold,0.8893912478617292,-0.8632562903497272,-0.7263081054630076
armed_forces|t4,-0.33964461419877134,0.034880725583868455,0.033149384118251385,threshold,1.1071847436624924,-0.4090463168452477,-0.27024291155229496
armed_forces|t5,0.21789214304760998,0.03689070322611825,0.03278504911282167,threshold,1.2661413456710533,0.14449121537589504,0.2912930707193249
armed_forces|t6,0.747239299844459,0.038787984769969835,0.03603907643854747,threshold,1.15836953464103,0.6700633770331954,0.8244152226557226
legislature|t1,-0.5898607021258208,0.03817433163884533,0.034607421450359166,threshold,1.2167585328885762,-0.6658156476947394,-0.5139057565569021
legislature|t2,-0.12104918100898561,0.033072576454097696,0.03256401525218597,threshold,1.0314784505642673,-0.1868532340611866,-0.05524512795678464
legislature|t3,0.27517418913111086,0.03584070592966263,0.032951327157863086,threshold,1.1830614088602647,0.2038624267198204,0.3464859515424013
legislature|t4,0.7793717880455944,0.03620749157824043,0.03641407586311299,threshold,0.9886857879460023,0.7073302372456884,0.8514133388455003
legislature|t5,1.34585595615046,0.044196846752453695,0.04601051611651929,threshold,0.922716658032108,1.2579180946271822,1.4337938176737377
legislature|t6,1.7943917001145548,0.057495213784917225,0.0610313480452087,threshold,0.8874777241728307,1.6799942595824742,1.9087891406466355
police|t1,-0.9150521411336622,0.04096084011322213,0.037890991683047555,threshold,1.1685996918523145,-0.9965513645042452,-0.8335529177630792
police|t2,-0.4737450959279203,0.036381444101208124,0.03383876070174314,threshold,1.1559284927894173,-0.546132757683706,-0.4013574341721347
police|t3,-0.06617259309123029,0.03719544105085968,0.0325085739936733,threshold,1.3091324465456287,-0.14017985344507322,0.007834667262612657
police|t4,0.3861459025520079,0.03766239385031862,0.033403075723416685,threshold,1.2712850070125334,0.3112095525993816,0.46108225250463425
police|t5,0.8884013630108937,0.041518693625894415,0.037688691345586486,threshold,1.2135711529690476,0.8057921861356543,0.9710105398861331
police|t6,1.436753381866739,0.04765276794104187,0.048296811528334004,threshold,0.9735075931907787,1.3419393212195825,1.5315674425138956
political_parties|t1,-0.30627816238744965,0.03589833234627032,0.033041711865427544,threshold,1.1803844197756816,-0.3777045832917343,-0.23485174148316504
political_parties|t2,0.11988519487219526,0.03501522974281206,0.03257285327748796,threshold,1.1555862198556932,0.05021587114022075,0.18955451860416977
political_parties|t3,0.5672036818443811,0.03810315683359958,0.03449374578484829,threshold,1.2202286002421374,0.4913903518120346,0.6430170118767276
political_parties|t4,1.0702694615386157,0.042340741618009076,0.040301362953913206,threshold,1.1037671221329477,0.9860246670162406,1.154514256060991
political_parties|t5,1.6408353497734147,0.05589905266781054,0.054780168821505326,threshold,1.0412671395743853,1.529613769186075,1.7520569303607545
political_parties|t6,2.176893773673067,0.08174443196876885,0.08370685318395608,threshold,0.9536616736547192,2.0142479953660546,2.3395395519800797
supreme_court|t1,-0.5487036065063092,0.03302772336743518,0.03433171927812227,threshold,0.9254781532129065,-0.6144184159854129,-0.4829887970272055
supreme_court|t2,-0.10272430111569505,0.033105847193968634,0.03254476632428839,threshold,1.034777786361472,-0.16859455250398853,-0.03685404972740158
supreme_court|t3,0.3459629372547346,0.03411375357056557,0.03321586212828753,threshold,1.0547947449308281,0.2780872683336012,0.413838606175868
supreme_court|t4,0.7892240229809077,0.03464718805620998,0.03650430516178372,threshold,0.9008403154700487,0.7202869867592273,0.858161059202588
supreme_court|t5,1.3259451863384073,0.04746179665577061,0.045518303044191626,threshold,1.087216970882967,1.231511098645728,1.4203792740310865
supreme_court|t6,1.82485997497491,0.05917652409994751,0.06226343856610767,threshold,0.903301437447176,1.7071172543035265,1.9426026956462934
media|t1,-0.9913988266195016,0.040038949742150214,0.03900764097659621,threshold,1.05357627055561,-1.0710637773270362,-0.9117338759119671
media|t2,-0.5521147006631894,0.03478961160336464,0.034337906837401524,threshold,1.0264824404014954,-0.6213351150687816,-0.48289428625759717
media|t3,-0.17354794625191533,0.034585442361700906,0.03265304315774461,threshold,1.1218617605300787,-0.24236212790969863,-0.10473376459413204
media|t4,0.3412185451352645,0.035927159252516765,0.03319464294075714,threshold,1.171412233180206,0.2697347677298738,0.4127023225406552
media|t5,0.8353517272346743,0.038587308528279386,0.0370328152330273,threshold,1.0857142008353229,0.7585750871969449,0.9121283672724038
media|t6,1.446130831568992,0.045864313780685395,0.04856519549594563,threshold,0.8918658141078329,1.3548752337048264,1.5373864294331576
elections|t1,-0.7865483914913638,0.03654004152432037,0.03642437844695846,threshold,1.0063609440888397,-0.8592516123708513,-0.7138451706118762
elections|t2,-0.3818389280568852,0.031733841423925074,0.03335457178140085,threshold,0.9051791788374277,-0.44497931832881904,-0.31869853778495133
elections|t3,0.0984286198264852,0.03488999206065477,0.03254014687915317,threshold,1.1496422696605229,0.029008479797880488,0.1678487598550899
elections|t4,0.6397244348974725,0.03599386022331678,0.035027839249041896,threshold,1.0559179086533008,0.5681079434827198,0.7113409263122253
elections|t5,1.2785627337640142,0.04342712913793919,0.04426654305884069,threshold,0.962434150976946,1.1921563688512598,1.3649690986767686
elections|t6,1.774618214204718,0.06288863679309643,0.059880489997146596,threshold,1.102995322473433,1.6494895536766454,1.8997468747327906
f1~~f1,0.2784943500933397,0.031385833502914316,0.021028544240840347,variance,2.2276600483148123,0.21604638642229565,0.3409423137643838
f2~~f2,0.28478001265256686,0.026229480833806683,0.020200198300339665,variance,1.686040969777113,0.23259157336616676,0.33696845193896696
f1~~f2,0.23729303965747156,0.01872767744993199,0.013838383620777816,variance,1.8314586180205825,0.20003083596522964,0.2745552433497135
