level,p,se,variable,factor,segment,estimator,lo,hi,expected,expected_lo,expected_hi
16-29,0.09468059672105489,0.01792931608905796,age_cat,f1,1,Unweighted,0.05953978291906676,0.12982141052304302,3.625063218656079,3.5751678698182126,3.674958567493945
30-44,-0.10445616204389804,0.023045711756250552,age_cat,f1,1,Unweighted,-0.14962492708424044,-0.059287397003555654,3.3423151269070708,3.278181401918152,3.4064488518959894
45-59,-0.048717836440411826,0.029474448900343234,age_cat,f1,1,Unweighted,-0.10648669474925075,0.0090510218684271,3.421456242286339,3.3394320366567665,3.503480447915911
60+,-0.00469373627707127,0.03808006438039165,age_cat,f1,1,Unweighted,-0.07932929099160546,0.06994181843746292,3.483964693208974,3.377991989811347,3.5899373966066017
16-29,0.10509927643387851,0.0191912441392912,age_cat,f2,2,Unweighted,0.06748512910235238,0.14271342376540463,3.0989782159769295,3.0470256149772887,3.1509308169765706
30-44,-0.08999438005236648,0.0233031445127956,age_cat,f2,2,Unweighted,-0.13566770402397804,-0.044321056080754935,2.8295151651823214,2.7664312421118207,2.892599088252822
45-59,-0.06265944243261795,0.02986517469477922,age_cat,f2,2,Unweighted,-0.12119410922638221,-0.004124775638853689,2.867270137932125,2.7864221484301925,2.9481181274340575
60+,-0.029584310618125973,0.03694243576620419,age_cat,f2,2,Unweighted,-0.10199015422107052,0.04282153298481858,2.912953457854909,2.8129466208105565,3.012960294899261
Primary,0.05591846981235649,0.030507266524227826,education,f1,1,Unweighted,-0.003874673841894466,0.11571161346660745,3.5700260799402495,3.485127654492495,3.6549245053880037
Secondary,0.02340154146015226,0.017187154437633443,education,f1,1,Unweighted,-0.010284662234337043,0.057087745154641566,3.5238563044646076,3.476026311288272,3.5716862976409427
Tertiary,-0.07718091989819033,0.022365031185051187,education,f1,1,Unweighted,-0.12101557553400581,-0.033346264262374845,3.381042395124757,3.318802930596106,3.4432818596534074
Primary,0.059678952238509296,0.030540372774522855,education,f2,2,Unweighted,-1.7907847398308807e-4,0.11953698295100168,3.036243735798548,2.953567918138209,3.1189195534588867
Secondary,0.03740937794577499,0.017774833941519817,education,f2,2,Unweighted,0.00257134358921602,0.07224741230233395,3.005485034891015,2.9573667967561548,3.053603273025875
Tertiary,-0.09401391638783829,0.022944058989901484,education,f2,2,Unweighted,-0.13898344566720763,-0.049044387108468944,2.823963387932135,2.7618515449811025,2.886075230883167
Employed,-0.03978683155719705,0.018901429240414387,employment,f1,1,Unweighted,-0.0768329521247415,-0.0027407109896525894,3.4341370984165254,3.381536463746457,3.4867377330865943
Homemaker,0.03657764563071359,0.029830147776118043,employment,f1,1,Unweighted,-0.021888369663985344,0.09504366092541253,3.542564645074438,3.4595505679182628,3.625578722230613
Not in labor force,-0.06741543834275021,0.06573486022064495,employment,f1,1,Unweighted,-0.19625339690398896,0.06142252021848854,3.394908098734355,3.211975087501477,3.5778411099672325
Retired,-0.05118047258577204,0.05857357437967667,employment,f1,1,Unweighted,-0.16598256881571632,0.06362162364417223,3.4179596217975288,3.2549556950533143,3.5809635485417437
Student,0.1520634571330908,0.03132778496271535,employment,f1,1,Unweighted,0.09066212689075326,0.21346478737542834,3.706539357874321,3.619357518295605,3.793721197453037
Unemployed,0.006951063551225759,0.02983979704991254,employment,f1,1,Unweighted,-0.05153386397258736,0.06543599107503888,3.500498782398085,3.417457852355853,3.5835397124403165
Employed,-0.03449804879053467,0.01927989876401895,employment,f2,2,Unweighted,-0.07228595599359011,0.0032898584125207672,2.9061666104371584,2.8539740125768747,2.9583592082974417
Homemaker,0.039442957311265535,0.030736994306783675,employment,f2,2,Unweighted,-0.020800444523043138,0.09968635914557421,3.0082938115049114,2.925085719858616,3.0915019031512063
Not in labor force,-0.05661595358175142,0.06575800209253795,employment,f2,2,Unweighted,-0.18549926937843528,0.07226736221493243,2.8756173952060307,2.6976039625983543,3.0536308278137074
Retired,-0.08928707072187826,0.053877797660891916,employment,f2,2,Unweighted,-0.19488561370356278,0.01631147225980624,2.8304920997145944,2.6846395586130516,2.976344640816137
Student,0.13861957378013398,0.03408959468839177,employment,f2,2,Unweighted,0.0718051959433182,0.20543395161694977,3.1452763978304294,3.0529924844879095,3.23756031117295
Unemployed,0.030000019230283573,0.032056180090772414,employment,f2,2,Unweighted,-0.03282893922956026,0.0928289776901274,2.9952512403132365,2.908471981931604,3.0820304986948686
Female,0.0024784697563230104,0.017512134772315485,sex,f1,1,Unweighted,-0.031844683689826875,0.03680162320247289,3.4941482855409483,3.445413907217747,3.5428826638641495
Male,-0.0031134936224896576,0.01761924954563324,sex,f1,1,Unweighted,-0.037646588166554515,0.0314196009215752,3.48620843061765,3.437175963457494,3.5352408977778054
Female,0.006737640411035244,0.018377803653005127,sex,f2,2,Unweighted,-0.029282192863803437,0.042757473685873924,2.9631212793587323,2.913370742420923,3.012871816296541
Male,-0.0030152309197079476,0.01772562890646235,sex,f2,2,Unweighted,-0.03775682517969625,0.03172636334028035,2.9496506288510638,2.9016655936255593,2.997635664076568
Rural,0.05576756903489534,0.02099772608250463,urban,f1,1,Unweighted,0.014612782155948953,0.09692235591384173,3.569811820618489,3.5113774184090305,3.6282462228279475
Urban,-0.024002655053793658,0.015195560598715798,urban,f1,1,Unweighted,-0.05378540655217252,0.0057800964445852004,3.4565485598355323,3.4142609570572775,3.4988361626137876
Rural,0.0558043252500772,0.021817501515213947,urban,f2,2,Unweighted,0.013042808047609815,0.09856584245254457,3.0308921071100587,2.9718299669589494,3.089954247261168
Urban,-0.020473164953965537,0.0155691000085799,urban,f2,2,Unweighted,-0.05098804024248438,0.010041710334553304,2.9255377578835047,2.8833906602384256,2.9676848555285837
16-29,0.09652122378471434,0.020649854749513,age_cat,f1,1,Design-based,0.05543449020823676,0.1376079573611919,3.627676667790729,3.569338892349375,3.686014443232083
30-44,-0.10310879565252616,0.023987436812233816,age_cat,f1,1,Design-based,-0.15083627061261443,-0.055381320692437896,3.3442282105507433,3.2764614529081126,3.4119949681933734
45-59,-0.04833317312170417,0.031634017176508884,age_cat,f1,1,Design-based,-0.11127494445380463,0.014608598210396298,3.422002413771729,3.332633349788621,3.511371477754837
60+,-0.004104127732664679,0.04550331885119181,age_cat,f1,1,Design-based,-0.09464145892277968,0.08643320345745033,3.4848018600477024,3.3562507186872645,3.6133530014081408
16-29,0.10665880362153629,0.021982502638799754,age_cat,f2,2,Design-based,0.06292051876576116,0.15039708847731142,3.1011322324700954,3.0407209823760066,3.161543482564184
30-44,-0.08917095942528826,0.02368320915232337,age_cat,f2,2,Design-based,-0.1362931167712354,-0.042048802079341106,2.8306524724544078,2.7655674230112046,2.8957375218976105
45-59,-0.06160672129228082,0.03155905736730378,age_cat,f2,2,Design-based,-0.12439934611719697,0.0011859035326353198,2.8687241547116566,2.7819950802893105,2.9554532291340028
60+,-0.028790398003453507,0.04205604801320978,age_cat,f2,2,Design-based,-0.11246874155398386,0.054887945547076836,2.9140500087067767,2.7984736125047043,3.0296264049088486
Secondary,0.025025524656905006,0.017431548854355244,education,f1,1,Design-based,-0.009657789695276465,0.05970883900908648,3.5261621477090297,3.4769163881143115,3.575407907303748
Primary,0.05699184974476255,0.032442067080914676,education,f1,1,Design-based,-0.007557687430804781,0.12154138692032987,3.5715501387302577,3.4798982580183906,3.663202019442125
Tertiary,-0.07792901673553468,0.024262344342139548,education,f1,1,Design-based,-0.1262034714480917,-0.029654562022977657,3.3799801956869713,3.311436798501772,3.4485235928721707
Secondary,0.03888154603755817,0.018082446286512562,education,f2,2,Design-based,0.0029031499666400673,0.07485994210847627,3.007518391138671,2.957825087201596,3.0572116950757464
Primary,0.06092172242472526,0.031178171303480735,education,f2,2,Design-based,-0.0011130586082068322,0.12295650345765735,3.0379602480206556,2.9522779062491384,3.1236425897921727
Tertiary,-0.09493246632343097,0.026091975465514873,education,f2,2,Design-based,-0.14684731305913895,-0.043017619587722974,2.8226946882090895,2.7509899837359093,2.89439939268227
Employed,-0.038601180640524285,0.01954398129493656,employment,f1,1,Design-based,-0.07748757292895708,2.8521164790851206e-4,3.4358205672861044,3.3806069880215377,3.4910341465506716
Unemployed,0.006684866074875781,0.031831904921166214,employment,f1,1,Design-based,-0.0566506397963491,0.07002037194610067,3.500120816878644,3.4101927014663396,3.590048932290949
Not in labor force,-0.06508396563903353,0.06428739127277168,employment,f1,1,Design-based,-0.19299570882518996,0.06282777754712292,3.3982184843308127,3.2166005775089803,3.5798363911526447
Student,0.1528658384384294,0.03326891300538456,employment,f1,1,Design-based,0.08667113723533827,0.21906053964152056,3.707678634140273,3.6136908361809756,3.8016664320995712
Homemaker,0.0380977695606957,0.03036018422470963,employment,f1,1,Design-based,-0.022309473768841057,0.09850501289023246,3.5447230217754053,3.4589526552937224,3.6304933882570882
Retired,-0.05074576781853154,0.0628656724602402,employment,f1,1,Design-based,-0.17582873652759273,0.07433720089052964,3.418576845579686,3.240975427679073,3.596178263480299
Employed,-0.033669943749006975,0.02211787235274851,employment,f2,2,Design-based,-0.07767757187323623,0.010337684375222284,2.9073103878150977,2.846527121223211,2.9680936544069847
Unemployed,0.02941757689388695,0.032942244105123274,employment,f2,2,Design-based,-0.036127155666055594,0.0949623094538295,2.994446771876363,2.903916490588801,3.0849770531639256
Not in labor force,-0.05597882888952718,0.065631388193567,employment,f2,2,Design-based,-0.18656470436775827,0.0746070465887039,2.8764973908265725,2.696132385470645,3.0568623961824994
Student,0.1400106865436034,0.03565541068495688,employment,f2,2,Design-based,0.06906760354650558,0.21095376954070122,3.147197800586394,3.049211326184952,3.2451842749878352
Homemaker,0.041546998329318616,0.03093949976564216,employment,f2,2,Design-based,-0.020012901208977633,0.10310689786761487,3.0111999096422513,2.9261734734425255,3.096226345841977
Retired,-0.08816817684055385,0.060866786214269115,employment,f2,2,Design-based,-0.20927398892386023,0.03293763524275255,2.832037514179664,2.664766357440505,2.9993086709188224
Male,-0.0028171419075568994,0.019334233311069753,sex,f1,1,Design-based,-0.04128620150111725,0.035651917686003454,3.4866292112028288,3.4320081896550363,3.5412502327506212
Female,0.004166957964515164,0.01838427341289197,sex,f1,1,Design-based,-0.032411979411808345,0.04074589534083867,3.496545717445374,3.444608421661778,3.54848301322897
Male,-0.0027169324756842667,0.01870675625549968,sex,f2,2,Design-based,-0.03993750955349384,0.0345036446021253,2.9500626381917137,2.8986536358060846,3.0014716405773427
Female,0.0080896480832805,0.0195367431201283,sex,f2,2,Design-based,-0.030782342507729515,0.04696163867429051,2.964988670224342,2.911298738097557,3.0186786023511276
Urban,-0.02491814233832431,0.017149212793080574,urban,f1,1,Design-based,-0.05903969649076888,0.009203411814120259,3.4552486879066784,3.406800554152017,3.5036968216613396
Rural,0.05844217336692552,0.023654061328164524,urban,f1,1,Design-based,0.011378011048065746,0.1055063356857853,3.5736094081445455,3.5067844674959425,3.640434348793149
Urban,-0.021669589517835847,0.01759469953492066,urban,f2,2,Design-based,-0.056677522547801014,0.01333834351212932,2.923885258161922,2.87553235624718,2.972238160076664
Rural,0.05864838429781921,0.025387771502357163,urban,f2,2,Design-based,0.008134682556530264,0.10916208603910815,3.0348203169834465,2.965050871767803,3.10458976219909
16-29,0.08065775039541082,0.032644128346253076,age_cat,f1,1,Bartlett,0.015706174683699267,0.14560932610712235,3.6051526151891147,3.51292989246089,3.6973753379173395
30-44,-0.21012751356600531,0.06806505927574477,age_cat,f1,1,Bartlett,-0.3455556311122381,-0.07469939601977255,3.192275660659251,2.999985487600067,3.384565833718434
45-59,-0.10348529451105228,0.08084097382377889,age_cat,f1,1,Bartlett,-0.2643334745031626,0.05736288548105804,3.3436936315284966,3.1153103022218716,3.5720769608351213
60+,-0.1846512928610383,0.1266085494975267,age_cat,f1,1,Bartlett,-0.4365625922289835,0.06726000650690692,3.2284485542725707,2.870767533309628,3.586129575235513
16-29,0.0611604203773283,0.04086455475904373,age_cat,f2,2,Bartlett,-0.02014722534089669,0.1424680660955533,3.0382899372565095,2.925987945163267,3.150591929349752
30-44,-0.08641965128656956,0.0905688839872882,age_cat,f2,2,Bartlett,-0.26662332108683173,0.09378401851369264,2.834452574918464,2.5855555502620704,3.0833495995748574
45-59,-0.1374109390310352,0.05829249443936328,age_cat,f2,2,Bartlett,-0.2533947179772239,-0.021427160084846547,2.764023488668096,2.603826876023589,2.924220101312603
60+,-0.042516824543975706,0.0842462539287899,age_cat,f2,2,Bartlett,-0.21014044378856633,0.12510679470061492,2.895091090007244,2.663569611347246,3.126612568667243
Secondary,-0.05663426652897496,0.0361715438571824,education,f1,1,Bartlett,-0.1286042926399323,0.015335759581982404,3.4102159493595687,3.308027947143371,3.5124039515757666
Primary,0.08261929036633554,0.11720927547231248,education,f1,1,Bartlett,-0.15059040202321722,0.3158289827558883,3.6079377448010868,3.2768105540730823,3.939064935529091
Tertiary,-0.19826633476849645,0.047653921128771,education,f1,1,Bartlett,-0.293082689897506,-0.10344997963948686,3.209116979618589,3.074490185220638,3.3437437740165405
Secondary,-7.904662085932689e-4,0.031048348330454723,education,f2,2,Bartlett,-0.06256694024762499,0.06098600783043845,2.952723470362953,2.8673979018042175,3.0380490389216877
Primary,0.16639911124772763,0.12511088674482504,education,f2,2,Bartlett,-0.08253230902401623,0.4153305315194715,3.183645451189213,2.839821765923525,3.527469136454901
Tertiary,-0.2129450961251466,0.048141018370486795,education,f2,2,Bartlett,-0.30873062197419165,-0.11715957027610151,2.659695829961194,2.527397012654086,2.791994647268303
Employed,-0.10254818146088868,0.051925000337611577,employment,f1,1,Bartlett,-0.20586264447812946,7.662815563521247e-4,3.345024209209534,3.1983312156639374,3.491717202755131
Unemployed,-0.10450204769212401,0.06482674880974819,employment,f1,1,Bartlett,-0.23348694319305602,0.024482847808807995,3.3422499753019377,3.159108332877293,3.5253916177265823
Not in labor force,-0.25763576715672026,0.1441340195579648,employment,f1,1,Bartlett,-0.5444172546160726,0.029145720302632017,3.124820168622455,2.7176280518531786,3.532012285391731
Student,0.18050668481248697,0.041000747705682135,employment,f1,1,Bartlett,0.09892805785098424,0.2620853117739897,3.74692501243358,3.6310940566425662,3.8627559682245938
Homemaker,-0.014530384228586987,0.05040927147356034,employment,f1,1,Bartlett,-0.11482902225495618,0.0857682537977822,3.469997942646459,3.3275870252303847,3.612408860062533
Retired,-0.2898663750969515,0.19085383272838474,employment,f1,1,Bartlett,-0.66960563585595,0.08987288566204699,3.079056930596836,2.5398769619777903,3.6182368992158813
Employed,-0.04057017381329408,0.06204843675738442,employment,f2,2,Bartlett,-0.16402709982134242,0.08288675219475425,2.897779800927776,2.7272612893420423,3.0682983125135097
Unemployed,-0.00491783339356463,0.05514185207620164,employment,f2,2,Bartlett,-0.11463282231966665,0.10479715553253738,2.9470227573134213,2.795484587562584,3.0985609270642582
Not in labor force,-0.2596174437374746,0.1589765795761829,employment,f2,2,Bartlett,-0.5759309698701637,0.05669608239521451,2.5952320570129896,2.158340313352816,3.0321238006731632
Student,0.05959400149221802,0.06620443949753912,employment,f2,2,Bartlett,-0.07213206632816554,0.1913200693126016,3.036126401961686,2.8541865647401687,3.2180662391832033
Homemaker,0.030660012429117384,0.03659555574474148,employment,f2,2,Bartlett,-0.04215366433549943,0.10347368919373419,2.9961628218790572,2.895592686314709,3.096732957443406
Retired,-0.17603505084542845,0.09680088673798241,employment,f2,2,Bartlett,-0.36863845128649275,0.01656834959563583,2.7106759263168194,2.4446524132461933,2.9766994393874455
Male,-0.0833383693225278,0.04791418786896502,sex,f1,1,Bartlett,-0.17867257362495215,0.011995834979896536,3.3722996241488197,3.2369375518117027,3.5076616964859366
Female,-0.05324371274688605,0.04207953364145472,sex,f1,1,Bartlett,-0.13696878533073314,0.03048135983696104,3.415030091247805,3.2961514640598835,3.5339087184357267
Male,-0.052401122369698495,0.0319274694892285,sex,f2,2,Bartlett,-0.11592677175500399,0.01112452701560699,2.88143891343189,2.7936973866422683,2.969180440221511
Female,-0.012079844958812444,0.052101744988013954,sex,f2,2,Bartlett,-0.11574597438970302,0.09158628447207814,2.937130598229643,2.793947103678214,3.0803140927810713
Urban,-0.12097848881251015,0.04049247571346233,urban,f1,1,Bartlett,-0.20154581394249693,-0.04041116368252337,3.3188555888787716,3.2044605491125884,3.4332506286449553
Rural,0.04503221204080211,0.05940156876998287,urban,f1,1,Bartlett,-0.07315827693271748,0.16322270101432168,3.554569021031161,3.3867540207900992,3.722384021272223
Urban,-0.07647781028073702,0.02677011330667282,urban,f2,2,Bartlett,-0.12974193860441557,-0.023213681957058474,2.8481842300434757,2.7746158999679875,2.9217525601189633
Rural,0.06436213603368643,0.08392887102984925,urban,f2,2,Bartlett,-0.10262999079758287,0.23135426286495572,3.0427121418739103,2.8120628795397113,3.273361404208109
